{"unilateral_cost": {"Asia": 13.402173, "Africa": 2.278258, "North America": 3.841775, "Latin America & the Carribean": 0.561569, "Europe": 5.200038, "Australia & New Zealand": 3.71482}, "unilateral_benefit": {"Asia": 14.087499, "Africa": 0.207715, "North America": 7.242914, "Latin America & the Carribean": 0.174407, "Europe": 1.56213, "Australia & New Zealand": 0.427008}, "freeloader_benefit": {"Asia": {"North America": 13.084733, "Latin America & the Carribean": 2.916754, "Europe": 3.944916, "Australia & New Zealand": 0.627802, "Africa": 0.877578}, "Africa": {"North America": 2.483097, "Asia": 2.096358, "Latin America & the Carribean": 0.553514, "Europe": 0.748629, "Australia & New Zealand": 0.119138}, "North America": {"Asia": 3.392797, "Latin America & the Carribean": 0.895821, "Europe": 1.211599, "Australia & New Zealand": 0.192816, "Africa": 0.26953}, "Latin America & the Carribean": {"North America": 0.678477, "Asia": 0.572805, "Europe": 0.204554, "Australia & New Zealand": 0.032553, "Africa": 0.045505}, "Europe": {"North America": 4.417655, "Asia": 3.729611, "Latin America & the Carribean": 0.984752, "Australia & New Zealand": 0.211958, "Africa": 0.296287}, "Australia & New Zealand": {"North America": 4.613691, "Asia": 3.895115, "Latin America & the Carribean": 1.028451, "Europe": 1.390982, "Africa": 0.309435}}, "global_benefit": {"Asia": 38.765362, "Africa": 3.079592, "North America": 45.916852, "Latin America & the Carribean": 10.235454, "Europe": 13.84347, "Australia & New Zealand": 2.203077}}