{"unilateral_cost": {"Asia": 8.01592609829307, "Africa": 1.4483157562274007, "North America": 2.312153639484381, "Latin America & the Carribean": 0.34387677997163374, "Europe": 3.076306926838079, "Australia & New Zealand": 2.3992766656868314}, "unilateral_benefit": {"Asia": 14.087498760347696, "Africa": 0.20771463435433463, "North America": 7.242913949267974, "Latin America & the Carribean": 0.17440735773095575, "Europe": 1.5621301558124316, "Australia & New Zealand": 0.42700804380849067}, "freeloader_benefit": {"Asia": {"North America": 13.084733097543447, "Latin America & the Carribean": 2.9167544519615207, "Europe": 3.944915686529863, "Australia & New Zealand": 0.6278015291708275, "Africa": 0.8775783288483181}, "Africa": {"North America": 2.4830973348449916, "Asia": 2.096358140403979, "Latin America & the Carribean": 0.5535141719797595, "Europe": 0.7486289215367757, "Australia & New Zealand": 0.11913825771412649}, "North America": {"Asia": 3.392797293220614, "Latin America & the Carribean": 0.8958208753826212, "Europe": 1.2115993587465814, "Australia & New Zealand": 0.19281627051263978, "Africa": 0.2695300546252803}, "Latin America & the Carribean": {"North America": 0.67847695946266, "Asia": 0.5728050516130406, "Europe": 0.20455399283886286, "Australia & New Zealand": 0.03255311892741625, "Africa": 0.04550468640121623}, "Europe": {"North America": 4.4176546898469455, "Asia": 3.7296106924993273, "Latin America & the Carribean": 0.9847517628203561, "Australia & New Zealand": 0.2119577334103418, "Africa": 0.29628713029482145}, "Australia & New Zealand": {"North America": 4.613691140389915, "Asia": 3.895114719725595, "Latin America & the Carribean": 1.0284507963127008, "Europe": 1.3909815673615116, "Africa": 0.309435074496538}}}