{"unilateral_cost": {"CN": 3.657066, "US": 2.007472, "IN": 2.057606, "AU": 2.32038, "RU": 1.59652, "ID": 1.248837, "ZA": 1.045665, "DE": 0.421837, "KZ": 0.257746}, "unilateral_benefit": {"CN": 2.329118, "US": 3.18231, "IN": 0.642424, "AU": 0.205454, "RU": 0.190624, "ID": 0.049116, "ZA": 0.040173, "DE": 0.02334, "KZ": 0.004685}, "freeloader_benefit": {"CN": {"US": 6.114778, "JP": 0.587367, "CA": 0.462717, "DE": 0.439408, "GB": 0.348523, "ES": 0.29806, "AU": 0.297334, "NO": 0.066729, "GR": 0.048903, "CZ": 0.046826, "SK": 0.020513, "NZ": 0.018252, "SI": 0.010832, "IN": 1.357363, "BR": 0.565406, "RU": 0.460468, "MX": 0.434156, "TR": 0.29074, "IR": 0.225573, "ID": 0.179072, "PK": 0.176835, "ZA": 0.149228, "VE": 0.127183, "CO": 0.123233, "AR": 0.122412, "TH": 0.11398, "PL": 0.109366, "PH": 0.077506, "KZ": 0.069527, "PE": 0.059868, "UA": 0.039875, "CL": 0.033949, "RO": 0.031999, "HU": 0.025533, "BG": 0.014912, "RS": 0.012048, "MK": 0.004086, "BA": 0.003769, "GE": 0.002693, "MN": 0.0023, "ME": 0.001199, "NG": 0.194638, "VN": 0.050459, "BD": 0.043425, "UZ": 0.02272, "ET": 0.021528, "TZ": 0.02097, "BW": 0.016128, "MM": 0.015511, "ZM": 0.00897, "NE": 0.008747, "CD": 0.005972, "MZ": 0.005701, "MW": 0.00536, "LA": 0.004407, "MG": 0.00333, "TJ": 0.00272, "KG": 0.001743, "ZW": 0.000574}, "US": {"JP": 0.305683, "CA": 0.240812, "DE": 0.228681, "GB": 0.181382, "ES": 0.155119, "AU": 0.154741, "NO": 0.034728, "GR": 0.02545, "CZ": 0.02437, "SK": 0.010676, "NZ": 0.009499, "SI": 0.005637, "CN": 1.212141, "IN": 0.706412, "BR": 0.294254, "RU": 0.239641, "MX": 0.225948, "TR": 0.15131, "IR": 0.117395, "ID": 0.093195, "PK": 0.09203, "ZA": 0.077662, "VE": 0.06619, "CO": 0.064134, "AR": 0.063707, "TH": 0.059319, "PL": 0.056917, "PH": 0.040337, "KZ": 0.036184, "PE": 0.031157, "UA": 0.020752, "CL": 0.017668, "RO": 0.016653, "HU": 0.013288, "BG": 0.007761, "RS": 0.00627, "MK": 0.002127, "BA": 0.001962, "GE": 0.001402, "MN": 0.001197, "ME": 0.000624, "NG": 0.101295, "VN": 0.02626, "BD": 0.0226, "UZ": 0.011824, "ET": 0.011204, "TZ": 0.010913, "BW": 0.008393, "MM": 0.008072, "ZM": 0.004668, "NE": 0.004552, "CD": 0.003108, "MZ": 0.002967, "MW": 0.00279, "LA": 0.002293, "MG": 0.001733, "TJ": 0.001416, "KG": 0.000907, "ZW": 0.000299}, "IN": {"US": 2.894055, "JP": 0.277994, "CA": 0.218999, "DE": 0.207967, "GB": 0.164952, "ES": 0.141068, "AU": 0.140725, "NO": 0.031582, "GR": 0.023145, "CZ": 0.022162, "SK": 0.009709, "NZ": 0.008638, "SI": 0.005127, "CN": 1.102345, "BR": 0.2676, "RU": 0.217934, "MX": 0.205481, "TR": 0.137604, "IR": 0.106761, "ID": 0.084753, "PK": 0.083694, "ZA": 0.070628, "VE": 0.060194, "CO": 0.058325, "AR": 0.057936, "TH": 0.053946, "PL": 0.051762, "PH": 0.036683, "KZ": 0.032906, "PE": 0.028335, "UA": 0.018872, "CL": 0.016068, "RO": 0.015145, "HU": 0.012085, "BG": 0.007058, "RS": 0.005702, "MK": 0.001934, "BA": 0.001784, "GE": 0.001275, "MN": 0.001088, "ME": 0.000568, "NG": 0.09212, "VN": 0.023882, "BD": 0.020553, "UZ": 0.010753, "ET": 0.010189, "TZ": 0.009925, "BW": 0.007633, "MM": 0.007341, "ZM": 0.004245, "NE": 0.00414, "CD": 0.002826, "MZ": 0.002698, "MW": 0.002537, "LA": 0.002086, "MG": 0.001576, "TJ": 0.001287, "KG": 0.000825, "ZW": 0.000272}, "AU": {"US": 4.225226, "JP": 0.405863, "CA": 0.319731, "DE": 0.303625, "GB": 0.240825, "ES": 0.205955, "NO": 0.046109, "GR": 0.033791, "CZ": 0.032356, "SK": 0.014174, "NZ": 0.012612, "SI": 0.007485, "CN": 1.609388, "IN": 0.937919, "BR": 0.390688, "RU": 0.318177, "MX": 0.299996, "TR": 0.200897, "IR": 0.155867, "ID": 0.123737, "PK": 0.12219, "ZA": 0.103114, "VE": 0.087882, "CO": 0.085152, "AR": 0.084585, "TH": 0.078759, "PL": 0.07557, "PH": 0.053556, "KZ": 0.048042, "PE": 0.041368, "UA": 0.027553, "CL": 0.023458, "RO": 0.022111, "HU": 0.017643, "BG": 0.010304, "RS": 0.008325, "MK": 0.002823, "BA": 0.002605, "GE": 0.001861, "MN": 0.001589, "ME": 0.000829, "NG": 0.134492, "VN": 0.034866, "BD": 0.030006, "UZ": 0.0157, "ET": 0.014876, "TZ": 0.01449, "BW": 0.011144, "MM": 0.010718, "ZM": 0.006198, "NE": 0.006044, "CD": 0.004126, "MZ": 0.003939, "MW": 0.003704, "LA": 0.003045, "MG": 0.002301, "TJ": 0.00188, "KG": 0.001205, "ZW": 0.000397}, "RU": {"US": 2.531393, "JP": 0.243158, "CA": 0.191555, "DE": 0.181906, "GB": 0.144282, "ES": 0.123391, "AU": 0.12309, "NO": 0.027624, "GR": 0.020245, "CZ": 0.019385, "SK": 0.008492, "NZ": 0.007556, "SI": 0.004484, "CN": 0.964207, "IN": 0.56192, "BR": 0.234067, "MX": 0.179732, "TR": 0.120361, "IR": 0.093382, "ID": 0.074132, "PK": 0.073206, "ZA": 0.061777, "VE": 0.052651, "CO": 0.051016, "AR": 0.050676, "TH": 0.047185, "PL": 0.045275, "PH": 0.032086, "KZ": 0.028783, "PE": 0.024784, "UA": 0.016507, "CL": 0.014054, "RO": 0.013247, "HU": 0.01057, "BG": 0.006173, "RS": 0.004987, "MK": 0.001692, "BA": 0.00156, "GE": 0.001115, "MN": 0.000952, "ME": 0.000496, "NG": 0.080576, "VN": 0.020889, "BD": 0.017977, "UZ": 0.009406, "ET": 0.008912, "TZ": 0.008681, "BW": 0.006676, "MM": 0.006421, "ZM": 0.003713, "NE": 0.003621, "CD": 0.002472, "MZ": 0.00236, "MW": 0.002219, "LA": 0.001824, "MG": 0.001379, "TJ": 0.001126, "KG": 0.000722, "ZW": 0.000238}, "ID": {"US": 1.677178, "JP": 0.161105, "CA": 0.126915, "DE": 0.120522, "GB": 0.095594, "ES": 0.081753, "AU": 0.081554, "NO": 0.018303, "GR": 0.013413, "CZ": 0.012844, "SK": 0.005626, "NZ": 0.005006, "SI": 0.002971, "CN": 0.638837, "IN": 0.372301, "BR": 0.155081, "RU": 0.126298, "MX": 0.119081, "TR": 0.079745, "IR": 0.061871, "PK": 0.048503, "ZA": 0.040931, "VE": 0.034884, "CO": 0.033801, "AR": 0.033576, "TH": 0.031263, "PL": 0.029997, "PH": 0.021259, "KZ": 0.01907, "PE": 0.016421, "UA": 0.010937, "CL": 0.009312, "RO": 0.008777, "HU": 0.007003, "BG": 0.00409, "RS": 0.003304, "MK": 0.001121, "BA": 0.001034, "GE": 0.000739, "MN": 0.000631, "ME": 0.000329, "NG": 0.053386, "VN": 0.01384, "BD": 0.011911, "UZ": 0.006232, "ET": 0.005905, "TZ": 0.005752, "BW": 0.004424, "MM": 0.004254, "ZM": 0.00246, "NE": 0.002399, "CD": 0.001638, "MZ": 0.001564, "MW": 0.00147, "LA": 0.001209, "MG": 0.000913, "TJ": 0.000746, "KG": 0.000478, "ZW": 0.000158}, "ZA": {"US": 1.646137, "JP": 0.158123, "CA": 0.124566, "DE": 0.118291, "GB": 0.093825, "ES": 0.08024, "AU": 0.080044, "NO": 0.017964, "GR": 0.013165, "CZ": 0.012606, "SK": 0.005522, "NZ": 0.004914, "SI": 0.002916, "CN": 0.627013, "IN": 0.365411, "BR": 0.152211, "RU": 0.123961, "MX": 0.116878, "TR": 0.078269, "IR": 0.060726, "ID": 0.048207, "PK": 0.047605, "VE": 0.034239, "CO": 0.033175, "AR": 0.032954, "TH": 0.030684, "PL": 0.029442, "PH": 0.020865, "KZ": 0.018717, "PE": 0.016117, "UA": 0.010735, "CL": 0.009139, "RO": 0.008614, "HU": 0.006874, "BG": 0.004014, "RS": 0.003243, "MK": 0.0011, "BA": 0.001015, "GE": 0.000725, "MN": 0.000619, "ME": 0.000323, "NG": 0.052398, "VN": 0.013584, "BD": 0.01169, "UZ": 0.006116, "ET": 0.005796, "TZ": 0.005645, "BW": 0.004342, "MM": 0.004176, "ZM": 0.002415, "NE": 0.002355, "CD": 0.001608, "MZ": 0.001535, "MW": 0.001443, "LA": 0.001186, "MG": 0.000897, "TJ": 0.000732, "KG": 0.000469, "ZW": 0.000155}, "DE": {"US": 0.324804, "JP": 0.0312, "CA": 0.024579, "GB": 0.018513, "ES": 0.015832, "AU": 0.015794, "NO": 0.003545, "GR": 0.002598, "CZ": 0.002487, "SK": 0.00109, "NZ": 0.00097, "SI": 0.000575, "CN": 0.123718, "IN": 0.0721, "BR": 0.030033, "RU": 0.024459, "MX": 0.023061, "TR": 0.015444, "IR": 0.011982, "ID": 0.009512, "PK": 0.009393, "ZA": 0.007927, "VE": 0.006756, "CO": 0.006546, "AR": 0.006502, "TH": 0.006054, "PL": 0.005809, "PH": 0.004117, "KZ": 0.003693, "PE": 0.00318, "UA": 0.002118, "CL": 0.001803, "RO": 0.0017, "HU": 0.001356, "BG": 0.000792, "RS": 0.00064, "MK": 0.000217, "BA": 0.0002, "GE": 0.000143, "MN": 0.000122, "ME": 6.4e-05, "NG": 0.010339, "VN": 0.00268, "BD": 0.002307, "UZ": 0.001207, "ET": 0.001144, "TZ": 0.001114, "BW": 0.000857, "MM": 0.000824, "ZM": 0.000476, "NE": 0.000465, "CD": 0.000317, "MZ": 0.000303, "MW": 0.000285, "LA": 0.000234, "MG": 0.000177, "TJ": 0.000144, "KG": 9.3e-05, "ZW": 3.1e-05}, "KZ": {"US": 0.412004, "JP": 0.039576, "CA": 0.031177, "DE": 0.029607, "GB": 0.023483,