{"unilateral_cost": {"CN": 6.135186, "US": 3.403786, "IN": 3.418143, "AU": 3.625211, "RU": 2.697856, "ID": 2.131103, "ZA": 1.748213, "DE": 0.722564, "KZ": 0.436841}, "unilateral_benefit": {"CN": 2.901683, "US": 3.987521, "IN": 0.790604, "AU": 0.240866, "RU": 0.237749, "ID": 0.062659, "ZA": 0.050623, "DE": 0.029904, "KZ": 0.005907}, "freeloader_benefit": {"CN": {"US": 7.617971, "JP": 0.73176, "CA": 0.576467, "DE": 0.547427, "GB": 0.434201, "ES": 0.371332, "AU": 0.370428, "NO": 0.083133, "GR": 0.060925, "CZ": 0.058337, "SK": 0.025556, "NZ": 0.022739, "SI": 0.013495, "IN": 1.691043, "BR": 0.7044, "RU": 0.573664, "MX": 0.540884, "TR": 0.362213, "IR": 0.281025, "ID": 0.223094, "PK": 0.220306, "ZA": 0.185912, "VE": 0.158449, "CO": 0.153527, "AR": 0.152505, "TH": 0.142, "PL": 0.136251, "PH": 0.09656, "KZ": 0.086618, "PE": 0.074585, "UA": 0.049677, "CL": 0.042295, "RO": 0.039866, "HU": 0.03181, "BG": 0.018578, "RS": 0.015009, "MK": 0.005091, "BA": 0.004696, "GE": 0.003355, "MN": 0.002865, "ME": 0.001494, "NG": 0.242486, "VN": 0.062863, "BD": 0.0541, "UZ": 0.028306, "ET": 0.026821, "TZ": 0.026125, "BW": 0.020092, "MM": 0.019323, "ZM": 0.011175, "NE": 0.010898, "CD": 0.00744, "MZ": 0.007102, "MW": 0.006678, "LA": 0.00549, "MG": 0.004149, "TJ": 0.003389, "KG": 0.002172, "ZW": 0.000715}, "US": {"JP": 0.383029, "CA": 0.301744, "DE": 0.286543, "GB": 0.227276, "ES": 0.194368, "AU": 0.193895, "NO": 0.043515, "GR": 0.03189, "CZ": 0.030536, "SK": 0.013377, "NZ": 0.011902, "SI": 0.007064, "CN": 1.518846, "IN": 0.885153, "BR": 0.368708, "RU": 0.300276, "MX": 0.283118, "TR": 0.189595, "IR": 0.147099, "ID": 0.116775, "PK": 0.115316, "ZA": 0.097313, "VE": 0.082938, "CO": 0.080362, "AR": 0.079827, "TH": 0.074328, "PL": 0.071319, "PH": 0.050543, "KZ": 0.045339, "PE": 0.039041, "UA": 0.026003, "CL": 0.022139, "RO": 0.020867, "HU": 0.016651, "BG": 0.009724, "RS": 0.007856, "MK": 0.002665, "BA": 0.002458, "GE": 0.001756, "MN": 0.0015, "ME": 0.000782, "NG": 0.126926, "VN": 0.032905, "BD": 0.028318, "UZ": 0.014816, "ET": 0.014039, "TZ": 0.013675, "BW": 0.010517, "MM": 0.010115, "ZM": 0.005849, "NE": 0.005704, "CD": 0.003894, "MZ": 0.003717, "MW": 0.003495, "LA": 0.002874, "MG": 0.002172, "TJ": 0.001774, "KG": 0.001137, "ZW": 0.000375}, "IN": {"US": 3.561586, "JP": 0.342115, "CA": 0.269512, "DE": 0.255935, "GB": 0.202999, "ES": 0.173607, "AU": 0.173184, "NO": 0.038867, "GR": 0.028484, "CZ": 0.027274, "SK": 0.011948, "NZ": 0.010631, "SI": 0.006309, "CN": 1.356607, "BR": 0.329324, "RU": 0.268202, "MX": 0.252877, "TR": 0.169343, "IR": 0.131386, "ID": 0.104302, "PK": 0.102998, "ZA": 0.086918, "VE": 0.074079, "CO": 0.071778, "AR": 0.0713, "TH": 0.066388, "PL": 0.063701, "PH": 0.045144, "KZ": 0.040496, "PE": 0.03487, "UA": 0.023225, "CL": 0.019774, "RO": 0.018638, "HU": 0.014872, "BG": 0.008685, "RS": 0.007017, "MK": 0.00238, "BA": 0.002196, "GE": 0.001569, "MN": 0.001339, "ME": 0.000699, "NG": 0.113368, "VN": 0.02939, "BD": 0.025293, "UZ": 0.013234, "ET": 0.012539, "TZ": 0.012214, "BW": 0.009394, "MM": 0.009034, "ZM": 0.005224, "NE": 0.005095, "CD": 0.003478, "MZ": 0.00332, "MW": 0.003122, "LA": 0.002567, "MG": 0.00194, "TJ": 0.001584, "KG": 0.001015, "ZW": 0.000335}, "AU": {"US": 4.953485, "JP": 0.475817, "CA": 0.37484, "DE": 0.355957, "GB": 0.282333, "ES": 0.241454, "NO": 0.054056, "GR": 0.039615, "CZ": 0.037933, "SK": 0.016617, "NZ": 0.014786, "SI": 0.008775, "CN": 1.886781, "IN": 1.099578, "BR": 0.458027, "RU": 0.373017, "MX": 0.351703, "TR": 0.235524, "IR": 0.182733, "ID": 0.145064, "PK": 0.143251, "ZA": 0.120887, "VE": 0.103029, "CO": 0.099829, "AR": 0.099164, "TH": 0.092334, "PL": 0.088596, "PH": 0.062787, "KZ": 0.056322, "PE": 0.048498, "UA": 0.032302, "CL": 0.027502, "RO": 0.025922, "HU": 0.020684, "BG": 0.01208, "RS": 0.00976, "MK": 0.00331, "BA": 0.003054, "GE": 0.002182, "MN": 0.001863, "ME": 0.000971, "NG": 0.157673, "VN": 0.040876, "BD": 0.035178, "UZ": 0.018405, "ET": 0.01744, "TZ": 0.016987, "BW": 0.013065, "MM": 0.012565, "ZM": 0.007266, "NE": 0.007086, "CD": 0.004838, "MZ": 0.004618, "MW": 0.004342, "LA": 0.00357, "MG": 0.002698, "TJ": 0.002204, "KG": 0.001412, "ZW": 0.000465}, "RU": {"US": 3.15719, "JP": 0.30327, "CA": 0.238911, "DE": 0.226875, "GB": 0.17995, "ES": 0.153895, "AU": 0.15352, "NO": 0.034454, "GR": 0.02525, "CZ": 0.024177, "SK": 0.010591, "NZ": 0.009424, "SI": 0.005593, "CN": 1.202573, "IN": 0.700835, "BR": 0.291931, "MX": 0.224164, "TR": 0.150115, "IR": 0.116468, "ID": 0.092459, "PK": 0.091304, "ZA": 0.077049, "VE": 0.065668, "CO": 0.063628, "AR": 0.063204, "TH": 0.05885, "PL": 0.056468, "PH": 0.040018, "KZ": 0.035898, "PE": 0.030911, "UA": 0.020588, "CL": 0.017529, "RO": 0.016522, "HU": 0.013183, "BG": 0.007699, "RS": 0.00622, "MK": 0.00211, "BA": 0.001946, "GE": 0.001391, "MN": 0.001187, "ME": 0.000619, "NG": 0.100496, "VN": 0.026053, "BD": 0.022421, "UZ": 0.011731, "ET": 0.011116, "TZ": 0.010827, "BW": 0.008327, "MM": 0.008008, "ZM": 0.004631, "NE": 0.004516, "CD": 0.003083, "MZ": 0.002943, "MW": 0.002768, "LA": 0.002275, "MG": 0.00172, "TJ": 0.001405, "KG": 0.0009, "ZW": 0.000297}, "ID": {"US": 2.139621, "JP": 0.205526, "CA": 0.161909, "DE": 0.153753, "GB": 0.121952, "ES": 0.104294, "AU": 0.10404, "NO": 0.023349, "GR": 0.017112, "CZ": 0.016385, "SK": 0.007178, "NZ": 0.006387, "SI": 0.00379, "CN": 0.814981, "IN": 0.474955, "BR": 0.197841, "RU": 0.161122, "MX": 0.151915, "TR": 0.101733, "IR": 0.07893, "PK": 0.061876, "ZA": 0.052216, "VE": 0.044503, "CO": 0.04312, "AR": 0.042833, "TH": 0.039883, "PL": 0.038268, "PH": 0.02712, "KZ": 0.024328, "PE": 0.020948, "UA": 0.013953, "CL": 0.011879, "RO": 0.011197, "HU": 0.008934, "BG": 0.005218, "RS": 0.004216, "MK": 0.00143, "BA": 0.001319, "GE": 0.000942, "MN": 0.000805, "ME": 0.00042, "NG": 0.068106, "VN": 0.017656, "BD": 0.015195, "UZ": 0.00795, "ET": 0.007533, "TZ": 0.007338, "BW": 0.005643, "MM": 0.005427, "ZM": 0.003139, "NE": 0.003061, "CD": 0.00209, "MZ": 0.001995, "MW": 0.001876, "LA": 0.001542, "MG": 0.001165, "TJ": 0.000952, "KG": 0.00061, "ZW": 0.000201}, "ZA": {"US": 2.074333, "JP": 0.199254, "CA": 0.156969, "DE": 0.149061, "GB": 0.118231, "ES": 0.101112, "AU": 0.100865, "NO": 0.022637, "GR": 0.016589, "CZ": 0.015885, "SK": 0.006959, "NZ": 0.006192, "SI": 0.003675, "CN": 0.790113, "IN": 0.460462, "BR": 0.191804, "RU": 0.156206, "MX": 0.14728, "TR": 0.098629, "IR": 0.076522, "ID": 0.060747, "PK": 0.059988, "VE": 0.043145, "CO": 0.041805, "AR": 0.041526, "TH": 0.038666, "PL": 0.0371, "PH": 0.026293, "KZ": 0.023586, "PE": 0.020309, "UA": 0.013527, "CL": 0.011517, "RO": 0.010855, "HU": 0.008662, "BG": 0.005059, "RS": 0.004087, "MK": 0.001386, "BA": 0.001279, "GE": 0.000914, "MN": 0.00078, "ME": 0.000407, "NG": 0.066028, "VN": 0.017117, "BD": 0.014731, "UZ": 0.007708, "ET": 0.007303, "TZ": 0.007114, "BW": 0.005471, "MM": 0.005262, "ZM": 0.003043, "NE": 0.002967, "CD": 0.002026, "MZ": 0.001934, "MW": 0.001818, "LA": 0.001495, "MG": 0.00113, "TJ": 0.000923, "KG": 0.000591, "ZW": 0.000195}, "DE": {"US": 0.416139, "JP": 0.039973, "CA": 0.03149, "GB": 0.023719, "ES": 0.020284, "AU": 0.020235, "NO": 0.004541, "GR": 0.003328, "CZ": 0.003187, "SK": 0.001396, "NZ": 0.001242, "SI": 0.000737, "CN": 0.158507, "IN": 0.092375, "BR": 0.038479, "RU": 0.031337, "MX": 0.029546, "TR": 0.019786, "IR": 0.015351, "ID": 0.012187, "PK": 0.012034, "ZA": 0.010156, "VE": 0.008655, "CO": 0.008387, "AR": 0.008331, "TH": 0.007757, "PL": 0.007443, "PH": 0.005275, "KZ": 0.004732, "PE": 0.004074, "UA": 0.002714, "CL": 0.00231, "RO": 0.002178, "HU": 0.001738, "BG": 0.001015, "RS": 0.00082, "MK": 0.000278, "BA": 0.000257, "GE": 0.000183, "MN": 0.000157, "ME": 8.2e-05, "NG": 0.013246, "VN": 0.003434, "BD": 0.002955, "UZ": 0.001546, "ET": 0.001465, "TZ": 0.001427, "BW": 0.001098, "MM": 0.001056, "ZM": 0.00061, "NE": 0.000595, "CD": 0.000406, "MZ": 0.000388, "MW": 0.000365, "LA": 0.0003, "MG": 0.000227, "TJ": 0.000185, "KG": 0.000119, "ZW": 3.9e-05}, "KZ": {"US": 0.51953, "JP": 0.049905, "CA": 0.039314, "DE": 0.037333, "GB": 0.029612,